Street,City,State,Zip Code
225 S Olive St,Los Angeles,CA,90012
581 Kirts Blvd,Troy,MI,48084
4700 E Palm Valley Blvd,Round Rock,TX,78665
5601 AL-157,Cullman,AL,35058
8900 Old Seward Hwy,Anchorage,AK,99515
1175 S Arizona Ave,Chandler,AZ,85286
9053 AR-107,Sherwood,AR,72120
3201 E Platte Ave,Colorado Springs,CO,80909
680 Connecticut Ave,Norwalk,CT,06854
3501 NJ-42,Turnersville,NJ,08012
33501 S Dixie Hwy,Florida City,FL,33034
6586 GA-40,St Marys,GA,31558
1344 IL-1,Carmi,IL,62821
10824 Parallel Pkwy,Kansas City,KS,66109